pokedex_number,name,type1,generation,hp,attack,defense,sp_attack,sp_defense,speed,height_m,weight_kg,base_total,is_legendary
1,Bulbasaur,grass,1,45,49,49,65,65,45,0.7,6.9,318,0
2,Ivysaur,grass,1,60,62,63,80,80,60,1.0,13.0,405,0
3,Venusaur,grass,1,80,100,123,122,120,80,2.0,100.0,625,0
4,Charmander,fire,1,39,52,43,60,50,65,0.6,8.5,309,0
5,Charmeleon,fire,1,58,64,58,80,65,80,1.1,19.0,405,0
6,Charizard,fire,1,78,104,78,159,115,100,1.7,90.5,634,0
7,Squirtle,water,1,44,48,65,50,64,43,0.5,9.0,314,0
8,Wartortle,water,1,59,63,80,65,80,58,1.0,22.5,405,0
9,Blastoise,water,1,79,103,120,135,115,78,1.6,85.5,630,0
10,Caterpie,bug,1,45,30,35,20,20,45,0.3,2.9,195,0
11,Metapod,bug,1,50,20,55,25,25,30,0.7,9.9,205,0
12,Butterfree,bug,1,60,45,50,90,80,70,1.1,32.0,395,0
13,Weedle,bug,1,40,35,30,20,20,50,0.3,3.2,195,0
14,Kakuna,bug,1,45,25,50,25,25,35,0.6,10.0,205,0
15,Beedrill,bug,1,65,150,40,15,80,145,1.0,29.5,495,0
16,Pidgey,normal,1,40,45,40,35,35,56,0.3,1.8,251,0
17,Pidgeotto,normal,1,63,60,55,50,50,71,1.1,30.0,349,0
18,Pidgeot,normal,1,83,80,80,135,80,121,1.5,39.5,579,0
19,Rattata,normal,1,30,56,35,25,35,72,,,253,0
20,Raticate,normal,1,75,71,70,40,80,77,,,413,0
21,Spearow,normal,1,40,60,30,31,31,70,0.3,2.0,262,0
22,Fearow,normal,1,65,90,65,61,61,100,1.2,38.0,442,0
23,Ekans,poison,1,35,60,44,40,54,55,2.0,6.9,288,0
24,Arbok,poison,1,60,95,69,65,79,80,3.5,65.0,448,0
25,Pikachu,electric,1,35,55,40,50,50,90,0.4,6.0,320,0
26,Raichu,electric,1,60,85,50,95,85,110,,,485,0
27,Sandshrew,ground,1,50,75,90,10,35,40,,,300,0
28,Sandslash,ground,1,75,100,120,25,65,65,,,450,0
29,Nidoran♀,poison,1,55,47,52,40,40,41,0.4,7.0,275,0
30,Nidorina,poison,1,70,62,67,55,55,56,0.8,20.0,365,0
31,Nidoqueen,poison,1,90,92,87,75,85,76,1.3,60.0,505,0
32,Nidoran♂,poison,1,46,57,40,40,40,50,0.5,9.0,273,0
33,Nidorino,poison,1,61,72,57,55,55,65,0.9,19.5,365,0
34,Nidoking,poison,1,81,102,77,85,75,85,1.4,62.0,505,0
35,Clefairy,fairy,1,70,45,48,60,65,35,0.6,7.5,323,0
36,Clefable,fairy,1,95,70,73,95,90,60,1.3,40.0,483,0
37,Vulpix,fire,1,38,41,40,50,65,65,,,299,0
38,Ninetales,fire,1,73,67,75,81,100,109,,,505,0
39,Jigglypuff,normal,1,115,45,20,45,25,20,0.5,5.5,270,0
40,Wigglytuff,normal,1,140,70,45,85,50,45,1.0,12.0,435,0
41,Zubat,poison,1,40,45,35,30,40,55,0.8,7.5,245,0
42,Golbat,poison,1,75,80,70,65,75,90,1.6,55.0,455,0
43,Oddish,grass,1,45,50,55,75,65,30,0.5,5.4,320,0
44,Gloom,grass,1,60,65,70,85,75,40,0.8,8.6,395,0
45,Vileplume,grass,1,75,80,85,110,90,50,1.2,18.6,490,0
46,Paras,bug,1,35,70,55,45,55,25,0.3,5.4,285,0
47,Parasect,bug,1,60,95,80,60,80,30,1.0,29.5,405,0
48,Venonat,bug,1,60,55,50,40,55,45,1.0,30.0,305,0
49,Venomoth,bug,1,70,65,60,90,75,90,1.5,12.5,450,0
50,Diglett,ground,1,10,55,30,35,45,90,,,265,0
51,Dugtrio,ground,1,35,100,60,50,70,110,,,425,0
52,Meowth,normal,1,40,35,35,50,40,90,,,290,0
53,Persian,normal,1,65,60,60,75,65,115,,,440,0
54,Psyduck,water,1,50,52,48,65,50,55,0.8,19.6,320,0
55,Golduck,water,1,80,82,78,95,80,85,1.7,76.6,500,0
56,Mankey,fighting,1,40,80,35,35,45,70,0.5,28.0,305,0
57,Primeape,fighting,1,65,105,60,60,70,95,1.0,32.0,455,0
58,Growlithe,fire,1,55,70,45,70,50,60,0.7,19.0,350,0
59,Arcanine,fire,1,90,110,80,100,80,95,1.9,155.0,555,0
60,Poliwag,water,1,40,50,40,40,40,90,0.6,12.4,300,0
61,Poliwhirl,water,1,65,65,65,50,50,90,1.0,20.0,385,0
62,Poliwrath,water,1,90,95,95,70,90,70,1.3,54.0,510,0
63,Abra,psychic,1,25,20,15,105,55,90,0.9,19.5,310,0
64,Kadabra,psychic,1,40,35,30,120,70,105,1.3,56.5,400,0
65,Alakazam,psychic,1,55,50,65,175,105,150,1.5,48.0,600,0
66,Machop,fighting,1,70,80,50,35,35,35,0.8,19.5,305,0
67,Machoke,fighting,1,80,100,70,50,60,45,1.5,70.5,405,0
68,Machamp,fighting,1,90,130,80,65,85,55,1.6,130.0,505,0
69,Bellsprout,grass,1,50,75,35,70,30,40,0.7,4.0,300,0
70,Weepinbell,grass,1,65,90,50,85,45,55,1.0,6.4,390,0
71,Victreebel,grass,1,80,105,65,100,70,70,1.7,15.5,490,0
72,Tentacool,water,1,40,40,35,50,100,70,0.9,45.5,335,0
73,Tentacruel,water,1,80,70,65,80,120,100,1.6,55.0,515,0
74,Geodude,rock,1,40,80,100,30,30,20,,,300,0
75,Graveler,rock,1,55,95,115,45,45,35,,,390,0
76,Golem,rock,1,80,120,130,55,65,45,,,495,0
77,Ponyta,fire,1,50,85,55,65,65,90,1.0,30.0,410,0
78,Rapidash,fire,1,65,100,70,80,80,105,1.7,95.0,500,0
79,Slowpoke,water,1,90,65,65,40,40,15,1.2,36.0,315,0
80,Slowbro,water,1,95,75,180,130,80,30,1.6,78.5,590,0
81,Magnemite,electric,1,25,35,70,95,55,45,0.3,6.0,325,0
82,Magneton,electric,1,50,60,95,120,70,70,1.0,60.0,465,0
83,Farfetch'd,normal,1,52,90,55,58,62,60,0.8,15.0,377,0
84,Doduo,normal,1,35,85,45,35,35,75,1.4,39.2,310,0
85,Dodrio,normal,1,60,110,70,60,60,110,1.8,85.2,470,0
86,Seel,water,1,65,45,55,45,70,45,1.1,90.0,325,0
87,Dewgong,water,1,90,70,80,70,95,70,1.7,120.0,475,0
88,Grimer,poison,1,80,80,50,40,50,25,,,325,0
89,Muk,poison,1,105,105,75,65,100,50,,,500,0
90,Shellder,water,1,30,65,100,45,25,40,0.3,4.0,305,0
91,Cloyster,water,1,50,95,180,85,45,70,1.5,132.5,525,0
92,Gastly,ghost,1,30,35,30,100,35,80,1.3,0.1,310,0
93,Haunter,ghost,1,45,50,45,115,55,95,1.6,0.1,405,0
94,Gengar,ghost,1,60,65,80,170,95,130,1.5,40.5,600,0
95,Onix,rock,1,35,45,160,30,45,70,8.8,210.0,385,0
96,Drowzee,psychic,1,60,48,45,43,90,42,1.0,32.4,328,0
97,Hypno,psychic,1,85,73,70,73,115,67,1.6,75.6,483,0
98,Krabby,water,1,30,105,90,25,25,50,0.4,6.5,325,0
99,Kingler,water,1,55,130,115,50,50,75,1.3,60.0,475,0
100,Voltorb,electric,1,40,30,50,55,55,100,0.5,10.4,330,0
101,Electrode,electric,1,60,50,70,80,80,150,1.2,66.6,490,0
102,Exeggcute,grass,1,60,40,80,60,45,40,0.4,2.5,325,0
103,Exeggutor,grass,1,95,105,85,125,75,45,,,530,0
104,Cubone,ground,1,50,50,95,40,50,35,0.4,6.5,320,0
105,Marowak,ground,1,60,80,110,50,80,45,,,425,0
106,Hitmonlee,fighting,1,50,120,53,35,110,87,1.5,49.8,455,0
107,Hitmonchan,fighting,1,50,105,79,35,110,76,1.4,50.2,455,0
108,Lickitung,normal,1,90,55,75,60,75,30,1.2,65.5,385,0
109,Koffing,poison,1,40,65,95,60,45,35,0.6,1.0,340,0
110,Weezing,poison,1,65,90,120,85,70,60,1.2,9.5,490,0
111,Rhyhorn,ground,1,80,85,95,30,30,25,1.0,115.0,345,0
112,Rhydon,ground,1,105,130,120,45,45,40,1.9,120.0,485,0
113,Chansey,normal,1,250,5,5,35,105,50,1.1,34.6,450,0
114,Tangela,grass,1,65,55,115,100,40,60,1.0,35.0,435,0
115,Kangaskhan,normal,1,105,125,100,60,100,100,2.2,80.0,590,0
116,Horsea,water,1,30,40,70,70,25,60,0.4,8.0,295,0
117,Seadra,water,1,55,65,95,95,45,85,1.2,25.0,440,0
118,Goldeen,water,1,45,67,60,35,50,63,0.6,15.0,320,0
119,Seaking,water,1,80,92,65,65,80,68,1.3,39.0,450,0
120,Staryu,water,1,30,45,55,70,55,85,0.8,34.5,340,0
121,Starmie,water,1,60,75,85,100,85,115,1.1,80.0,520,0
122,Mr. Mime,psychic,1,40,45,65,100,120,90,1.3,54.5,460,0
123,Scyther,bug,1,70,110,80,55,80,105,1.5,56.0,500,0
124,Jynx,ice,1,65,50,35,115,95,95,1.4,40.6,455,0
125,Electabuzz,electric,1,65,83,57,95,85,105,1.1,30.0,490,0
126,Magmar,fire,1,65,95,57,100,85,93,1.3,44.5,495,0
127,Pinsir,bug,1,65,155,120,65,90,105,1.5,55.0,600,0
128,Tauros,normal,1,75,100,95,40,70,110,1.4,88.4,490,0
129,Magikarp,water,1,20,10,55,15,20,80,0.9,10.0,200,0
130,Gyarados,water,1,95,155,109,70,130,81,6.5,235.0,640,0
131,Lapras,water,1,130,85,80,85,95,60,2.5,220.0,535,0
132,Ditto,normal,1,48,48,48,48,48,48,0.3,4.0,288,0
133,Eevee,normal,1,55,55,50,45,65,55,0.3,6.5,325,0
134,Vaporeon,water,1,130,65,60,110,95,65,1.0,29.0,525,0
135,Jolteon,electric,1,65,65,60,110,95,130,0.8,24.5,525,0
136,Flareon,fire,1,65,130,60,95,110,65,0.9,25.0,525,0
137,Porygon,normal,1,65,60,70,85,75,40,0.8,36.5,395,0
138,Omanyte,rock,1,35,40,100,90,55,35,0.4,7.5,355,0
139,Omastar,rock,1,70,60,125,115,70,55,1.0,35.0,495,0
140,Kabuto,rock,1,30,80,90,55,45,55,0.5,11.5,355,0
141,Kabutops,rock,1,60,115,105,65,70,80,1.3,40.5,495,0
142,Aerodactyl,rock,1,80,135,85,70,95,150,1.8,59.0,615,0
143,Snorlax,normal,1,160,110,65,65,110,30,2.1,460.0,540,0
144,Articuno,ice,1,90,85,100,95,125,85,1.7,55.4,580,1
145,Zapdos,electric,1,90,90,85,125,90,100,1.6,52.6,580,1
146,Moltres,fire,1,90,100,90,125,85,90,2.0,60.0,580,1
147,Dratini,dragon,1,41,64,45,50,50,50,1.8,3.3,300,0
148,Dragonair,dragon,1,61,84,65,70,70,70,4.0,16.5,420,0
149,Dragonite,dragon,1,91,134,95,100,100,80,2.2,210.0,600,0
150,Mewtwo,psychic,1,106,150,70,194,120,140,2.0,122.0,780,1
151,Mew,psychic,1,100,100,100,100,100,100,0.4,4.0,600,1
152,Chikorita,grass,2,45,49,65,49,65,45,0.9,6.4,318,0
153,Bayleef,grass,2,60,62,80,63,80,60,1.2,15.8,405,0
154,Meganium,grass,2,80,82,100,83,100,80,1.8,100.5,525,0
155,Cyndaquil,fire,2,39,52,43,60,50,65,0.5,7.9,309,0
156,Quilava,fire,2,58,64,58,80,65,80,0.9,19.0,405,0
157,Typhlosion,fire,2,78,84,78,109,85,100,1.7,79.5,534,0
158,Totodile,water,2,50,65,64,44,48,43,0.6,9.5,314,0
159,Croconaw,water,2,65,80,80,59,63,58,1.1,25.0,405,0
160,Feraligatr,water,2,85,105,100,79,83,78,2.3,88.8,530,0
161,Sentret,normal,2,35,46,34,35,45,20,0.8,6.0,215,0
162,Furret,normal,2,85,76,64,45,55,90,1.8,32.5,415,0
163,Hoothoot,normal,2,60,30,30,36,56,50,0.7,21.2,262,0
164,Noctowl,normal,2,100,50,50,86,96,70,1.6,40.8,452,0
165,Ledyba,bug,2,40,20,30,40,80,55,1.0,10.8,265,0
166,Ledian,bug,2,55,35,50,55,110,85,1.4,35.6,390,0
167,Spinarak,bug,2,40,60,40,40,40,30,0.5,8.5,250,0
168,Ariados,bug,2,70,90,70,60,70,40,1.1,33.5,400,0
169,Crobat,poison,2,85,90,80,70,80,130,1.8,75.0,535,0
170,Chinchou,water,2,75,38,38,56,56,67,0.5,12.0,330,0
171,Lanturn,water,2,125,58,58,76,76,67,1.2,22.5,460,0
172,Pichu,electric,2,20,40,15,35,35,60,0.3,2.0,205,0
173,Cleffa,fairy,2,50,25,28,45,55,15,0.3,3.0,218,0
174,Igglybuff,normal,2,90,30,15,40,20,15,0.3,1.0,210,0
175,Togepi,fairy,2,35,20,65,40,65,20,0.3,1.5,245,0
176,Togetic,fairy,2,55,40,85,80,105,40,0.6,3.2,405,0
177,Natu,psychic,2,40,50,45,70,45,70,0.2,2.0,320,0
178,Xatu,psychic,2,65,75,70,95,70,95,1.5,15.0,470,0
179,Mareep,electric,2,55,40,40,65,45,35,0.6,7.8,280,0
180,Flaaffy,electric,2,70,55,55,80,60,45,0.8,13.3,365,0
181,Ampharos,electric,2,90,95,105,165,110,45,1.4,61.5,610,0
182,Bellossom,grass,2,75,80,95,90,100,50,0.4,5.8,490,0
183,Marill,water,2,70,20,50,20,50,40,0.4,8.5,250,0
184,Azumarill,water,2,100,50,80,60,80,50,0.8,28.5,420,0
185,Sudowoodo,rock,2,70,100,115,30,65,30,1.2,38.0,410,0
186,Politoed,water,2,90,75,75,90,100,70,1.1,33.9,500,0
187,Hoppip,grass,2,35,35,40,35,55,50,0.4,0.5,250,0
188,Skiploom,grass,2,55,45,50,45,65,80,0.6,1.0,340,0
189,Jumpluff,grass,2,75,55,70,55,95,110,0.8,3.0,460,0
190,Aipom,normal,2,55,70,55,40,55,85,0.8,11.5,360,0
191,Sunkern,grass,2,30,30,30,30,30,30,0.3,1.8,180,0
192,Sunflora,grass,2,75,75,55,105,85,30,0.8,8.5,425,0
193,Yanma,bug,2,65,65,45,75,45,95,1.2,38.0,390,0
194,Wooper,water,2,55,45,45,25,25,15,0.4,8.5,210,0
195,Quagsire,water,2,95,85,85,65,65,35,1.4,75.0,430,0
196,Espeon,psychic,2,65,65,60,130,95,110,0.9,26.5,525,0
197,Umbreon,dark,2,95,65,110,60,130,65,1.0,27.0,525,0
198,Murkrow,dark,2,60,85,42,85,42,91,0.5,2.1,405,0
199,Slowking,water,2,95,75,80,100,110,30,2.0,79.5,490,0
200,Misdreavus,ghost,2,60,60,60,85,85,85,0.7,1.0,435,0
201,Unown,psychic,2,48,72,48,72,48,48,0.5,5.0,336,0
202,Wobbuffet,psychic,2,190,33,58,33,58,33,1.3,28.5,405,0
203,Girafarig,normal,2,70,80,65,90,65,85,1.5,41.5,455,0
204,Pineco,bug,2,50,65,90,35,35,15,0.6,7.2,290,0
205,Forretress,bug,2,75,90,140,60,60,40,1.2,125.8,465,0
206,Dunsparce,normal,2,100,70,70,65,65,45,1.5,14.0,415,0
207,Gligar,ground,2,65,75,105,35,65,85,1.1,64.8,430,0
208,Steelix,steel,2,75,125,230,55,95,30,9.2,400.0,610,0
209,Snubbull,fairy,2,60,80,50,40,40,30,0.6,7.8,300,0
210,Granbull,fairy,2,90,120,75,60,60,45,1.4,48.7,450,0
211,Qwilfish,water,2,65,95,85,55,55,85,0.5,3.9,440,0
212,Scizor,bug,2,70,150,140,65,100,75,1.8,118.0,600,0
213,Shuckle,bug,2,20,10,230,10,230,5,0.6,20.5,505,0
214,Heracross,bug,2,80,185,115,40,105,75,1.5,54.0,600,0
215,Sneasel,dark,2,55,95,55,35,75,115,0.9,28.0,430,0
216,Teddiursa,normal,2,60,80,50,50,50,40,0.6,8.8,330,0
217,Ursaring,normal,2,90,130,75,75,75,55,1.8,125.8,500,0
218,Slugma,fire,2,40,40,40,70,40,20,0.7,35.0,250,0
219,Magcargo,fire,2,60,50,120,90,80,30,0.8,55.0,430,0
220,Swinub,ice,2,50,50,40,30,30,50,0.4,6.5,250,0
221,Piloswine,ice,2,100,100,80,60,60,50,1.1,55.8,450,0
222,Corsola,water,2,65,55,95,65,95,35,0.6,5.0,410,0
223,Remoraid,water,2,35,65,35,65,35,65,0.6,12.0,300,0
224,Octillery,water,2,75,105,75,105,75,45,0.9,28.5,480,0
225,Delibird,ice,2,45,55,45,65,45,75,0.9,16.0,330,0
226,Mantine,water,2,85,40,70,80,140,70,2.1,220.0,485,0
227,Skarmory,steel,2,65,80,140,40,70,70,1.7,50.5,465,0
228,Houndour,dark,2,45,60,30,80,50,65,0.6,10.8,330,0
229,Houndoom,dark,2,75,90,90,140,90,115,1.4,35.0,600,0
230,Kingdra,water,2,75,95,95,95,95,85,1.8,152.0,540,0
231,Phanpy,ground,2,90,60,60,40,40,40,0.5,33.5,330,0
232,Donphan,ground,2,90,120,120,60,60,50,1.1,120.0,500,0
233,Porygon2,normal,2,85,80,90,105,95,60,0.6,32.5,515,0
234,Stantler,normal,2,73,95,62,85,65,85,1.4,71.2,465,0
235,Smeargle,normal,2,55,20,35,20,45,75,1.2,58.0,250,0
236,Tyrogue,fighting,2,35,35,35,35,35,35,0.7,21.0,210,0
237,Hitmontop,fighting,2,50,95,95,35,110,70,1.4,48.0,455,0
238,Smoochum,ice,2,45,30,15,85,65,65,0.4,6.0,305,0
239,Elekid,electric,2,45,63,37,65,55,95,0.6,23.5,360,0
240,Magby,fire,2,45,75,37,70,55,83,0.7,21.4,365,0
241,Miltank,normal,2,95,80,105,40,70,100,1.2,75.5,490,0
242,Blissey,normal,2,255,10,10,75,135,55,1.5,46.8,540,0
243,Raikou,electric,2,90,85,75,115,100,115,1.9,178.0,580,1
244,Entei,fire,2,115,115,85,90,75,100,2.1,198.0,580,1
245,Suicune,water,2,100,75,115,90,115,85,2.0,187.0,580,1
246,Larvitar,rock,2,50,64,50,45,50,41,0.6,72.0,300,0
247,Pupitar,rock,2,70,84,70,65,70,51,1.2,152.0,410,0
248,Tyranitar,rock,2,100,164,150,95,120,71,2.0,202.0,700,0
249,Lugia,psychic,2,106,90,130,90,154,110,5.2,216.0,680,1
250,Ho-Oh,fire,2,106,130,90,110,154,90,3.8,199.0,680,1
251,Celebi,psychic,2,100,100,100,100,100,100,0.6,5.0,600,1
252,Treecko,grass,3,40,45,35,65,55,70,0.5,5.0,310,0
253,Grovyle,grass,3,50,65,45,85,65,95,0.9,21.6,405,0
254,Sceptile,grass,3,70,110,75,145,85,145,1.7,52.2,630,0
255,Torchic,fire,3,45,60,40,70,50,45,0.4,2.5,310,0
256,Combusken,fire,3,60,85,60,85,60,55,0.9,19.5,405,0
257,Blaziken,fire,3,80,160,80,130,80,100,1.9,52.0,630,0
258,Mudkip,water,3,50,70,50,50,50,40,0.4,7.6,310,0
259,Marshtomp,water,3,70,85,70,60,70,50,0.7,28.0,405,0
260,Swampert,water,3,100,150,110,95,110,70,1.5,81.9,635,0
261,Poochyena,dark,3,35,55,35,30,30,35,0.5,13.6,220,0
262,Mightyena,dark,3,70,90,70,60,60,70,1.0,37.0,420,0
263,Zigzagoon,normal,3,38,30,41,30,41,60,0.4,17.5,240,0
264,Linoone,normal,3,78,70,61,50,61,100,0.5,32.5,420,0
265,Wurmple,bug,3,45,45,35,20,30,20,0.3,3.6,195,0
266,Silcoon,bug,3,50,35,55,25,25,15,0.6,10.0,205,0
267,Beautifly,bug,3,60,70,50,100,50,65,1.0,28.4,395,0
268,Cascoon,bug,3,50,35,55,25,25,15,0.7,11.5,205,0
269,Dustox,bug,3,60,50,70,50,90,65,1.2,31.6,385,0
270,Lotad,water,3,40,30,30,40,50,30,0.5,2.6,220,0
271,Lombre,water,3,60,50,50,60,70,50,1.2,32.5,340,0
272,Ludicolo,water,3,80,70,70,90,100,70,1.5,55.0,480,0
273,Seedot,grass,3,40,40,50,30,30,30,0.5,4.0,220,0
274,Nuzleaf,grass,3,70,70,40,60,40,60,1.0,28.0,340,0
275,Shiftry,grass,3,90,100,60,90,60,80,1.3,59.6,480,0
276,Taillow,normal,3,40,55,30,30,30,85,0.3,2.3,270,0
277,Swellow,normal,3,60,85,60,75,50,125,0.7,19.8,455,0
278,Wingull,water,3,40,30,30,55,30,85,0.6,9.5,270,0
279,Pelipper,water,3,60,50,100,95,70,65,1.2,28.0,440,0
280,Ralts,psychic,3,28,25,25,45,35,40,0.4,6.6,198,0
281,Kirlia,psychic,3,38,35,35,65,55,50,0.8,20.2,278,0
282,Gardevoir,psychic,3,68,85,65,165,135,100,1.6,48.4,618,0
283,Surskit,bug,3,40,30,32,50,52,65,0.5,1.7,269,0
284,Masquerain,bug,3,70,60,62,100,82,80,0.8,3.6,454,0
285,Shroomish,grass,3,60,40,60,40,60,35,0.4,4.5,295,0
286,Breloom,grass,3,60,130,80,60,60,70,1.2,39.2,460,0
287,Slakoth,normal,3,60,60,60,35,35,30,0.8,24.0,280,0
288,Vigoroth,normal,3,80,80,80,55,55,90,1.4,46.5,440,0
289,Slaking,normal,3,150,160,100,95,65,100,2.0,130.5,670,0
290,Nincada,bug,3,31,45,90,30,30,40,0.5,5.5,266,0
291,Ninjask,bug,3,61,90,45,50,50,160,0.8,12.0,456,0
292,Shedinja,bug,3,1,90,45,30,30,40,0.8,1.2,236,0
293,Whismur,normal,3,64,51,23,51,23,28,0.6,16.3,240,0
294,Loudred,normal,3,84,71,43,71,43,48,1.0,40.5,360,0
295,Exploud,normal,3,104,91,63,91,73,68,1.5,84.0,490,0
296,Makuhita,fighting,3,72,60,30,20,30,25,1.0,86.4,237,0
297,Hariyama,fighting,3,144,120,60,40,60,50,2.3,253.8,474,0
298,Azurill,normal,3,50,20,40,20,40,20,0.2,2.0,190,0
299,Nosepass,rock,3,30,45,135,45,90,30,1.0,97.0,375,0
300,Skitty,normal,3,50,45,45,35,35,50,0.6,11.0,260,0
301,Delcatty,normal,3,70,65,65,55,55,90,1.1,32.6,400,0
302,Sableye,dark,3,50,85,125,85,115,20,0.5,11.0,480,0
303,Mawile,steel,3,50,105,125,55,95,50,0.6,11.5,480,0
304,Aron,steel,3,50,70,100,40,40,30,0.4,60.0,330,0
305,Lairon,steel,3,60,90,140,50,50,40,0.9,120.0,430,0
306,Aggron,steel,3,70,140,230,60,80,50,2.1,360.0,630,0
307,Meditite,fighting,3,30,40,55,40,55,60,0.6,11.2,280,0
308,Medicham,fighting,3,60,100,85,80,85,100,1.3,31.5,510,0
309,Electrike,electric,3,40,45,40,65,40,65,0.6,15.2,295,0
310,Manectric,electric,3,70,75,80,135,80,135,1.5,40.2,575,0
311,Plusle,electric,3,60,50,40,85,75,95,0.4,4.2,405,0
312,Minun,electric,3,60,40,50,75,85,95,0.4,4.2,405,0
313,Volbeat,bug,3,65,73,75,47,85,85,0.7,17.7,430,0
314,Illumise,bug,3,65,47,75,73,85,85,0.6,17.7,430,0
315,Roselia,grass,3,50,60,45,100,80,65,0.3,2.0,400,0
316,Gulpin,poison,3,70,43,53,43,53,40,0.4,10.3,302,0
317,Swalot,poison,3,100,73,83,73,83,55,1.7,80.0,467,0
318,Carvanha,water,3,45,90,20,65,20,65,0.8,20.8,305,0
319,Sharpedo,water,3,70,140,70,110,65,105,1.8,88.8,560,0
320,Wailmer,water,3,130,70,35,70,35,60,2.0,130.0,400,0
321,Wailord,water,3,170,90,45,90,45,60,14.5,398.0,500,0
322,Numel,fire,3,60,60,40,65,45,35,0.7,24.0,305,0
323,Camerupt,fire,3,70,120,100,145,105,20,1.9,220.0,560,0
324,Torkoal,fire,3,70,85,140,85,70,20,0.5,80.4,470,0
325,Spoink,psychic,3,60,25,35,70,80,60,0.7,30.6,330,0
326,Grumpig,psychic,3,80,45,65,90,110,80,0.9,71.5,470,0
327,Spinda,normal,3,60,60,60,60,60,60,1.1,5.0,360,0
328,Trapinch,ground,3,45,100,45,45,45,10,0.7,15.0,290,0
329,Vibrava,ground,3,50,70,50,50,50,70,1.1,15.3,340,0
330,Flygon,ground,3,80,100,80,80,80,100,2.0,82.0,520,0
331,Cacnea,grass,3,50,85,40,85,40,35,0.4,51.3,335,0
332,Cacturne,grass,3,70,115,60,115,60,55,1.3,77.4,475,0
333,Swablu,normal,3,45,40,60,40,75,50,0.4,1.2,310,0
334,Altaria,dragon,3,75,110,110,110,105,80,1.1,20.6,590,0
335,Zangoose,normal,3,73,115,60,60,60,90,1.3,40.3,458,0
336,Seviper,poison,3,73,100,60,100,60,65,2.7,52.5,458,0
337,Lunatone,rock,3,90,55,65,95,85,70,1.0,168.0,460,0
338,Solrock,rock,3,90,95,85,55,65,70,1.2,154.0,460,0
339,Barboach,water,3,50,48,43,46,41,60,0.4,1.9,288,0
340,Whiscash,water,3,110,78,73,76,71,60,0.9,23.6,468,0
341,Corphish,water,3,43,80,65,50,35,35,0.6,11.5,308,0
342,Crawdaunt,water,3,63,120,85,90,55,55,1.1,32.8,468,0
343,Baltoy,ground,3,40,40,55,40,70,55,0.5,21.5,300,0
344,Claydol,ground,3,60,70,105,70,120,75,1.5,108.0,500,0
345,Lileep,rock,3,66,41,77,61,87,23,1.0,23.8,355,0
346,Cradily,rock,3,86,81,97,81,107,43,1.5,60.4,495,0
347,Anorith,rock,3,45,95,50,40,50,75,0.7,12.5,355,0
348,Armaldo,rock,3,75,125,100,70,80,45,1.5,68.2,495,0
349,Feebas,water,3,20,15,20,10,55,80,0.6,7.4,200,0
350,Milotic,water,3,95,60,79,100,125,81,6.2,162.0,540,0
351,Castform,normal,3,70,70,70,70,70,70,0.3,0.8,420,0
352,Kecleon,normal,3,60,90,70,60,120,40,1.0,22.0,440,0
353,Shuppet,ghost,3,44,75,35,63,33,45,0.6,2.3,295,0
354,Banette,ghost,3,64,165,75,93,83,75,1.1,12.5,555,0
355,Duskull,ghost,3,20,40,90,30,90,25,0.8,15.0,295,0
356,Dusclops,ghost,3,40,70,130,60,130,25,1.6,30.6,455,0
357,Tropius,grass,3,99,68,83,72,87,51,2.0,100.0,460,0
358,Chimecho,psychic,3,75,50,80,95,90,65,0.6,1.0,455,0
359,Absol,dark,3,65,150,60,115,60,115,1.2,47.0,565,0
360,Wynaut,psychic,3,95,23,48,23,48,23,0.6,14.0,260,0
361,Snorunt,ice,3,50,50,50,50,50,50,0.7,16.8,300,0
362,Glalie,ice,3,80,120,80,120,80,100,1.5,256.5,580,0
363,Spheal,ice,3,70,40,50,55,50,25,0.8,39.5,290,0
364,Sealeo,ice,3,90,60,70,75,70,45,1.1,87.6,410,0
365,Walrein,ice,3,110,80,90,95,90,65,1.4,150.6,530,0
366,Clamperl,water,3,35,64,85,74,55,32,0.4,52.5,345,0
367,Huntail,water,3,55,104,105,94,75,52,1.7,27.0,485,0
368,Gorebyss,water,3,55,84,105,114,75,52,1.8,22.6,485,0
369,Relicanth,water,3,100,90,130,45,65,55,1.0,23.4,485,0
370,Luvdisc,water,3,43,30,55,40,65,97,0.6,8.7,330,0
371,Bagon,dragon,3,45,75,60,40,30,50,0.6,42.1,300,0
372,Shelgon,dragon,3,65,95,100,60,50,50,1.1,110.5,420,0
373,Salamence,dragon,3,95,145,130,120,90,120,1.5,102.6,700,0
374,Beldum,steel,3,40,55,80,35,60,30,0.6,95.2,300,0
375,Metang,steel,3,60,75,100,55,80,50,1.2,202.5,420,0
376,Metagross,steel,3,80,145,150,105,110,110,1.6,550.0,700,0
377,Regirock,rock,3,80,100,200,50,100,50,1.7,230.0,580,1
378,Regice,ice,3,80,50,100,100,200,50,1.8,175.0,580,1
379,Registeel,steel,3,80,75,150,75,150,50,1.9,205.0,580,1
380,Latias,dragon,3,80,100,120,140,150,110,1.4,40.0,700,1
381,Latios,dragon,3,80,130,100,160,120,110,2.0,60.0,700,1
382,Kyogre,water,3,100,150,90,180,160,90,4.5,352.0,770,1
383,Groudon,ground,3,100,180,160,150,90,90,3.5,950.0,770,1
384,Rayquaza,dragon,3,105,180,100,180,100,115,7.0,206.5,780,1
385,Jirachi,steel,3,100,100,100,100,100,100,0.3,1.1,600,1
386,Deoxys,psychic,3,50,95,90,95,90,180,1.7,60.8,600,1
387,Turtwig,grass,4,55,68,64,45,55,31,0.4,10.2,318,0
388,Grotle,grass,4,75,89,85,55,65,36,1.1,97.0,405,0
389,Torterra,grass,4,95,109,105,75,85,56,2.2,310.0,525,0
390,Chimchar,fire,4,44,58,44,58,44,61,0.5,6.2,309,0
391,Monferno,fire,4,64,78,52,78,52,81,0.9,22.0,405,0
392,Infernape,fire,4,76,104,71,104,71,108,1.2,55.0,534,0
393,Piplup,water,4,53,51,53,61,56,40,0.4,5.2,314,0
394,Prinplup,water,4,64,66,68,81,76,50,0.8,23.0,405,0
395,Empoleon,water,4,84,86,88,111,101,60,1.7,84.5,530,0
396,Starly,normal,4,40,55,30,30,30,60,0.3,2.0,245,0
397,Staravia,normal,4,55,75,50,40,40,80,0.6,15.5,340,0
398,Staraptor,normal,4,85,120,70,50,60,100,1.2,24.9,485,0
399,Bidoof,normal,4,59,45,40,35,40,31,0.5,20.0,250,0
400,Bibarel,normal,4,79,85,60,55,60,71,1.0,31.5,410,0
401,Kricketot,bug,4,37,25,41,25,41,25,0.3,2.2,194,0
402,Kricketune,bug,4,77,85,51,55,51,65,1.0,25.5,384,0
403,Shinx,electric,4,45,65,34,40,34,45,0.5,9.5,263,0
404,Luxio,electric,4,60,85,49,60,49,60,0.9,30.5,363,0
405,Luxray,electric,4,80,120,79,95,79,70,1.4,42.0,523,0
406,Budew,grass,4,40,30,35,50,70,55,0.2,1.2,280,0
407,Roserade,grass,4,60,70,65,125,105,90,0.9,14.5,515,0
408,Cranidos,rock,4,67,125,40,30,30,58,0.9,31.5,350,0
409,Rampardos,rock,4,97,165,60,65,50,58,1.6,102.5,495,0
410,Shieldon,rock,4,30,42,118,42,88,30,0.5,57.0,350,0
411,Bastiodon,rock,4,60,52,168,47,138,30,1.3,149.5,495,0
412,Burmy,bug,4,40,29,45,29,45,36,0.2,3.4,224,0
413,Wormadam,bug,4,60,69,95,69,95,36,0.5,6.5,424,0
414,Mothim,bug,4,70,94,50,94,50,66,0.9,23.3,424,0
415,Combee,bug,4,30,30,42,30,42,70,0.3,5.5,244,0
416,Vespiquen,bug,4,70,80,102,80,102,40,1.2,38.5,474,0
417,Pachirisu,electric,4,60,45,70,45,90,95,0.4,3.9,405,0
418,Buizel,water,4,55,65,35,60,30,85,0.7,29.5,330,0
419,Floatzel,water,4,85,105,55,85,50,115,1.1,33.5,495,0
420,Cherubi,grass,4,45,35,45,62,53,35,0.4,3.3,275,0
421,Cherrim,grass,4,70,60,70,87,78,85,0.5,9.3,450,0
422,Shellos,water,4,76,48,48,57,62,34,0.3,6.3,325,0
423,Gastrodon,water,4,111,83,68,92,82,39,0.9,29.9,475,0
424,Ambipom,normal,4,75,100,66,60,66,115,1.2,20.3,482,0
425,Drifloon,ghost,4,90,50,34,60,44,70,0.4,1.2,348,0
426,Drifblim,ghost,4,150,80,44,90,54,80,1.2,15.0,498,0
427,Buneary,normal,4,55,66,44,44,56,85,0.4,5.5,350,0
428,Lopunny,normal,4,65,136,94,54,96,135,1.2,33.3,580,0
429,Mismagius,ghost,4,60,60,60,105,105,105,0.9,4.4,495,0
430,Honchkrow,dark,4,100,125,52,105,52,71,0.9,27.3,505,0
431,Glameow,normal,4,49,55,42,42,37,85,0.5,3.9,310,0
432,Purugly,normal,4,71,82,64,64,59,112,1.0,43.8,452,0
433,Chingling,psychic,4,45,30,50,65,50,45,0.2,0.6,285,0
434,Stunky,poison,4,63,63,47,41,41,74,0.4,19.2,329,0
435,Skuntank,poison,4,103,93,67,71,61,84,1.0,38.0,479,0
436,Bronzor,steel,4,57,24,86,24,86,23,0.5,60.5,300,0
437,Bronzong,steel,4,67,89,116,79,116,33,1.3,187.0,500,0
438,Bonsly,rock,4,50,80,95,10,45,10,0.5,15.0,290,0
439,Mime Jr.,psychic,4,20,25,45,70,90,60,0.6,13.0,310,0
440,Happiny,normal,4,100,5,5,15,65,30,0.6,24.4,220,0
441,Chatot,normal,4,76,65,45,92,42,91,0.5,1.9,411,0
442,Spiritomb,ghost,4,50,92,108,92,108,35,1.0,108.0,485,0
443,Gible,dragon,4,58,70,45,40,45,42,0.7,20.5,300,0
444,Gabite,dragon,4,68,90,65,50,55,82,1.4,56.0,410,0
445,Garchomp,dragon,4,108,170,115,120,95,92,1.9,95.0,700,0
446,Munchlax,normal,4,135,85,40,40,85,5,0.6,105.0,390,0
447,Riolu,fighting,4,40,70,40,35,40,60,0.7,20.2,285,0
448,Lucario,fighting,4,70,145,88,140,70,112,1.2,54.0,625,0
449,Hippopotas,ground,4,68,72,78,38,42,32,0.8,49.5,330,0
450,Hippowdon,ground,4,108,112,118,68,72,47,2.0,300.0,525,0
451,Skorupi,poison,4,40,50,90,30,55,65,0.8,12.0,330,0
452,Drapion,poison,4,70,90,110,60,75,95,1.3,61.5,500,0
453,Croagunk,poison,4,48,61,40,61,40,50,0.7,23.0,300,0
454,Toxicroak,poison,4,83,106,65,86,65,85,1.3,44.4,490,0
455,Carnivine,grass,4,74,100,72,90,72,46,1.4,27.0,454,0
456,Finneon,water,4,49,49,56,49,61,66,0.4,7.0,330,0
457,Lumineon,water,4,69,69,76,69,86,91,1.2,24.0,460,0
458,Mantyke,water,4,45,20,50,60,120,50,1.0,65.0,345,0
459,Snover,grass,4,60,62,50,62,60,40,1.0,50.5,334,0
460,Abomasnow,grass,4,90,132,105,132,105,30,2.2,135.5,594,0
461,Weavile,dark,4,70,120,65,45,85,125,1.1,34.0,510,0
462,Magnezone,electric,4,70,70,115,130,90,60,1.2,180.0,535,0
463,Lickilicky,normal,4,110,85,95,80,95,50,1.7,140.0,515,0
464,Rhyperior,ground,4,115,140,130,55,55,40,2.4,282.8,535,0
465,Tangrowth,grass,4,100,100,125,110,50,50,2.0,128.6,535,0
466,Electivire,electric,4,75,123,67,95,85,95,1.8,138.6,540,0
467,Magmortar,fire,4,75,95,67,125,95,83,1.6,68.0,540,0
468,Togekiss,fairy,4,85,50,95,120,115,80,1.5,38.0,545,0
469,Yanmega,bug,4,86,76,86,116,56,95,1.9,51.5,515,0
470,Leafeon,grass,4,65,110,130,60,65,95,1.0,25.5,525,0
471,Glaceon,ice,4,65,60,110,130,95,65,0.8,25.9,525,0
472,Gliscor,ground,4,75,95,125,45,75,95,2.0,42.5,510,0
473,Mamoswine,ice,4,110,130,80,70,60,80,2.5,291.0,530,0
474,Porygon-Z,normal,4,85,80,70,135,75,90,0.9,34.0,535,0
475,Gallade,psychic,4,68,165,95,65,115,110,1.6,52.0,618,0
476,Probopass,rock,4,60,55,145,75,150,40,1.4,340.0,525,0
477,Dusknoir,ghost,4,45,100,135,65,135,45,2.2,106.6,525,0
478,Froslass,ice,4,70,80,70,80,70,110,1.3,26.6,480,0
479,Rotom,electric,4,50,65,107,105,107,86,0.3,0.3,520,0
480,Uxie,psychic,4,75,75,130,75,130,95,0.3,0.3,580,1
481,Mesprit,psychic,4,80,105,105,105,105,80,0.3,0.3,580,1
482,Azelf,psychic,4,75,125,70,125,70,115,0.3,0.3,580,1
483,Dialga,steel,4,100,120,120,150,100,90,5.4,683.0,680,1
484,Palkia,water,4,90,120,100,150,120,100,4.2,336.0,680,1
485,Heatran,fire,4,91,90,106,130,106,77,1.7,430.0,600,1
486,Regigigas,normal,4,110,160,110,80,110,100,3.7,420.0,670,1
487,Giratina,ghost,4,150,120,100,120,100,90,4.5,750.0,680,1
488,Cresselia,psychic,4,120,70,120,75,130,85,1.5,85.6,600,1
489,Phione,water,4,80,80,80,80,80,80,0.4,3.1,480,0
490,Manaphy,water,4,100,100,100,100,100,100,0.3,1.4,600,1
491,Darkrai,dark,4,70,90,90,135,90,125,1.5,50.5,600,1
492,Shaymin,grass,4,100,103,75,120,75,127,0.2,2.1,600,1
493,Arceus,normal,4,120,120,120,120,120,120,3.2,320.0,720,1
494,Victini,psychic,5,100,100,100,100,100,100,0.4,4.0,600,1
495,Snivy,grass,5,45,45,55,45,55,63,0.6,8.1,308,0
496,Servine,grass,5,60,60,75,60,75,83,0.8,16.0,413,0
497,Serperior,grass,5,75,75,95,75,95,113,3.3,63.0,528,0
498,Tepig,fire,5,65,63,45,45,45,45,0.5,9.9,308,0
499,Pignite,fire,5,90,93,55,70,55,55,1.0,55.5,418,0
500,Emboar,fire,5,110,123,65,100,65,65,1.6,150.0,528,0
501,Oshawott,water,5,55,55,45,63,45,45,0.5,5.9,308,0
502,Dewott,water,5,75,75,60,83,60,60,0.8,24.5,413,0
503,Samurott,water,5,95,100,85,108,70,70,1.5,94.6,528,0
504,Patrat,normal,5,45,55,39,35,39,42,0.5,11.6,255,0
505,Watchog,normal,5,60,85,69,60,69,77,1.1,27.0,420,0
506,Lillipup,normal,5,45,60,45,25,45,55,0.4,4.1,275,0
507,Herdier,normal,5,65,80,65,35,65,60,0.9,14.7,370,0
508,Stoutland,normal,5,85,110,90,45,90,80,1.2,61.0,500,0
509,Purrloin,dark,5,41,50,37,50,37,66,0.4,10.1,281,0
510,Liepard,dark,5,64,88,50,88,50,106,1.1,37.5,446,0
511,Pansage,grass,5,50,53,48,53,48,64,0.6,10.5,316,0
512,Simisage,grass,5,75,98,63,98,63,101,1.1,30.5,498,0
513,Pansear,fire,5,50,53,48,53,48,64,0.6,11.0,316,0
514,Simisear,fire,5,75,98,63,98,63,101,1.0,28.0,498,0
515,Panpour,water,5,50,53,48,53,48,64,0.6,13.5,316,0
516,Simipour,water,5,75,98,63,98,63,101,1.0,29.0,498,0
517,Munna,psychic,5,76,25,45,67,55,24,0.6,23.3,292,0
518,Musharna,psychic,5,116,55,85,107,95,29,1.1,60.5,487,0
519,Pidove,normal,5,50,55,50,36,30,43,0.3,2.1,264,0
520,Tranquill,normal,5,62,77,62,50,42,65,0.6,15.0,358,0
521,Unfezant,normal,5,80,115,80,65,55,93,1.2,29.0,488,0
522,Blitzle,electric,5,45,60,32,50,32,76,0.8,29.8,295,0
523,Zebstrika,electric,5,75,100,63,80,63,116,1.6,79.5,497,0
524,Roggenrola,rock,5,55,75,85,25,25,15,0.4,18.0,280,0
525,Boldore,rock,5,70,105,105,50,40,20,0.9,102.0,390,0
526,Gigalith,rock,5,85,135,130,60,80,25,1.7,260.0,515,0
527,Woobat,psychic,5,65,45,43,55,43,72,0.4,2.1,323,0
528,Swoobat,psychic,5,67,57,55,77,55,114,0.9,10.5,425,0
529,Drilbur,ground,5,60,85,40,30,45,68,0.3,8.5,328,0
530,Excadrill,ground,5,110,135,60,50,65,88,0.7,40.4,508,0
531,Audino,normal,5,103,60,126,80,126,50,1.1,31.0,545,0
532,Timburr,fighting,5,75,80,55,25,35,35,0.6,12.5,305,0
533,Gurdurr,fighting,5,85,105,85,40,50,40,1.2,40.0,405,0
534,Conkeldurr,fighting,5,105,140,95,55,65,45,1.4,87.0,505,0
535,Tympole,water,5,50,50,40,50,40,64,0.5,4.5,294,0
536,Palpitoad,water,5,75,65,55,65,55,69,0.8,17.0,384,0
537,Seismitoad,water,5,105,95,75,85,75,74,1.5,62.0,509,0
538,Throh,fighting,5,120,100,85,30,85,45,1.3,55.5,465,0
539,Sawk,fighting,5,75,125,75,30,75,85,1.4,51.0,465,0
540,Sewaddle,bug,5,45,53,70,40,60,42,0.3,2.5,310,0
541,Swadloon,bug,5,55,63,90,50,80,42,0.5,7.3,380,0
542,Leavanny,bug,5,75,103,80,70,80,92,1.2,20.5,500,0
543,Venipede,bug,5,30,45,59,30,39,57,0.4,5.3,260,0
544,Whirlipede,bug,5,40,55,99,40,79,47,1.2,58.5,360,0
545,Scolipede,bug,5,60,100,89,55,69,112,2.5,200.5,485,0
546,Cottonee,grass,5,40,27,60,37,50,66,0.3,0.6,280,0
547,Whimsicott,grass,5,60,67,85,77,75,116,0.7,6.6,480,0
548,Petilil,grass,5,45,35,50,70,50,30,0.5,6.6,280,0
549,Lilligant,grass,5,70,60,75,110,75,90,1.1,16.3,480,0
550,Basculin,water,5,70,92,65,80,55,98,1.0,18.0,460,0
551,Sandile,ground,5,50,72,35,35,35,65,0.7,15.2,292,0
552,Krokorok,ground,5,60,82,45,45,45,74,1.0,33.4,351,0
553,Krookodile,ground,5,95,117,80,65,70,92,1.5,96.3,519,0
554,Darumaka,fire,5,70,90,45,15,45,50,0.6,37.5,315,0
555,Darmanitan,fire,5,105,30,105,140,105,55,1.3,92.9,540,0
556,Maractus,grass,5,75,86,67,106,67,60,1.0,28.0,461,0
557,Dwebble,bug,5,50,65,85,35,35,55,0.3,14.5,325,0
558,Crustle,bug,5,70,105,125,65,75,45,1.4,200.0,485,0
559,Scraggy,dark,5,50,75,70,35,70,48,0.6,11.8,348,0
560,Scrafty,dark,5,65,90,115,45,115,58,1.1,30.0,488,0
561,Sigilyph,psychic,5,72,58,80,103,80,97,1.4,14.0,490,0
562,Yamask,ghost,5,38,30,85,55,65,30,0.5,1.5,303,0
563,Cofagrigus,ghost,5,58,50,145,95,105,30,1.7,76.5,483,0
564,Tirtouga,water,5,54,78,103,53,45,22,0.7,16.5,355,0
565,Carracosta,water,5,74,108,133,83,65,32,1.2,81.0,495,0
566,Archen,rock,5,55,112,45,74,45,70,0.5,9.5,401,0
567,Archeops,rock,5,75,140,65,112,65,110,1.4,32.0,567,0
568,Trubbish,poison,5,50,50,62,40,62,65,0.6,31.0,329,0
569,Garbodor,poison,5,80,95,82,60,82,75,1.9,107.3,474,0
570,Zorua,dark,5,40,65,40,80,40,65,0.7,12.5,330,0
571,Zoroark,dark,5,60,105,60,120,60,105,1.6,81.1,510,0
572,Minccino,normal,5,55,50,40,40,40,75,0.4,5.8,300,0
573,Cinccino,normal,5,75,95,60,65,60,115,0.5,7.5,470,0
574,Gothita,psychic,5,45,30,50,55,65,45,0.4,5.8,290,0
575,Gothorita,psychic,5,60,45,70,75,85,55,0.7,18.0,390,0
576,Gothitelle,psychic,5,70,55,95,95,110,65,1.5,44.0,490,0
577,Solosis,psychic,5,45,30,40,105,50,20,0.3,1.0,290,0
578,Duosion,psychic,5,65,40,50,125,60,30,0.6,8.0,370,0
579,Reuniclus,psychic,5,110,65,75,125,85,30,1.0,20.1,490,0
580,Ducklett,water,5,62,44,50,44,50,55,0.5,5.5,305,0
581,Swanna,water,5,75,87,63,87,63,98,1.3,24.2,473,0
582,Vanillite,ice,5,36,50,50,65,60,44,0.4,5.7,305,0
583,Vanillish,ice,5,51,65,65,80,75,59,1.1,41.0,395,0
584,Vanilluxe,ice,5,71,95,85,110,95,79,1.3,57.5,535,0
585,Deerling,normal,5,60,60,50,40,50,75,0.6,19.5,335,0
586,Sawsbuck,normal,5,80,100,70,60,70,95,1.9,92.5,475,0
587,Emolga,electric,5,55,75,60,75,60,103,0.4,5.0,428,0
588,Karrablast,bug,5,50,75,45,40,45,60,0.5,5.9,315,0
589,Escavalier,bug,5,70,135,105,60,105,20,1.0,33.0,495,0
590,Foongus,grass,5,69,55,45,55,55,15,0.2,1.0,294,0
591,Amoonguss,grass,5,114,85,70,85,80,30,0.6,10.5,464,0
592,Frillish,water,5,55,40,50,65,85,40,1.2,33.0,335,0
593,Jellicent,water,5,100,60,70,85,105,60,2.2,135.0,480,0
594,Alomomola,water,5,165,75,80,40,45,65,1.2,31.6,470,0
595,Joltik,bug,5,50,47,50,57,50,65,0.1,0.6,319,0
596,Galvantula,bug,5,70,77,60,97,60,108,0.8,14.3,472,0
597,Ferroseed,grass,5,44,50,91,24,86,10,0.6,18.8,305,0
598,Ferrothorn,grass,5,74,94,131,54,116,20,1.0,110.0,489,0
599,Klink,steel,5,40,55,70,45,60,30,0.3,21.0,300,0
600,Klang,steel,5,60,80,95,70,85,50,0.6,51.0,440,0
601,Klinklang,steel,5,60,100,115,70,85,90,0.6,81.0,520,0
602,Tynamo,electric,5,35,55,40,45,40,60,0.2,0.3,275,0
603,Eelektrik,electric,5,65,85,70,75,70,40,1.2,22.0,405,0
604,Eelektross,electric,5,85,115,80,105,80,50,2.1,80.5,515,0
605,Elgyem,psychic,5,55,55,55,85,55,30,0.5,9.0,335,0
606,Beheeyem,psychic,5,75,75,75,125,95,40,1.0,34.5,485,0
607,Litwick,ghost,5,50,30,55,65,55,20,0.3,3.1,275,0
608,Lampent,ghost,5,60,40,60,95,60,55,0.6,13.0,370,0
609,Chandelure,ghost,5,60,55,90,145,90,80,1.0,34.3,520,0
610,Axew,dragon,5,46,87,60,30,40,57,0.6,18.0,320,0
611,Fraxure,dragon,5,66,117,70,40,50,67,1.0,36.0,410,0
612,Haxorus,dragon,5,76,147,90,60,70,97,1.8,105.5,540,0
613,Cubchoo,ice,5,55,70,40,60,40,40,0.5,8.5,305,0
614,Beartic,ice,5,95,130,80,70,80,50,2.6,260.0,505,0
615,Cryogonal,ice,5,80,50,50,95,135,105,1.1,148.0,515,0
616,Shelmet,bug,5,50,40,85,40,65,25,0.4,7.7,305,0
617,Accelgor,bug,5,80,70,40,100,60,145,0.8,25.3,495,0
618,Stunfisk,ground,5,109,66,84,81,99,32,0.7,11.0,471,0
619,Mienfoo,fighting,5,45,85,50,55,50,65,0.9,20.0,350,0
620,Mienshao,fighting,5,65,125,60,95,60,105,1.4,35.5,510,0
621,Druddigon,dragon,5,77,120,90,60,90,48,1.6,139.0,485,0
622,Golett,ground,5,59,74,50,35,50,35,1.0,92.0,303,0
623,Golurk,ground,5,89,124,80,55,80,55,2.8,330.0,483,0
624,Pawniard,dark,5,45,85,70,40,40,60,0.5,10.2,340,0
625,Bisharp,dark,5,65,125,100,60,70,70,1.6,70.0,490,0
626,Bouffalant,normal,5,95,110,95,40,95,55,1.6,94.6,490,0
627,Rufflet,normal,5,70,83,50,37,50,60,0.5,10.5,350,0
628,Braviary,normal,5,100,123,75,57,75,80,1.5,41.0,510,0
629,Vullaby,dark,5,70,55,75,45,65,60,0.5,9.0,370,0
630,Mandibuzz,dark,5,110,65,105,55,95,80,1.2,39.5,510,0
631,Heatmor,fire,5,85,97,66,105,66,65,1.4,58.0,484,0
632,Durant,bug,5,58,109,112,48,48,109,0.3,33.0,484,0
633,Deino,dark,5,52,65,50,45,50,38,0.8,17.3,300,0
634,Zweilous,dark,5,72,85,70,65,70,58,1.4,50.0,420,0
635,Hydreigon,dark,5,92,105,90,125,90,98,1.8,160.0,600,0
636,Larvesta,bug,5,55,85,55,50,55,60,1.1,28.8,360,0
637,Volcarona,bug,5,85,60,65,135,105,100,1.6,46.0,550,0
638,Cobalion,steel,5,91,90,129,90,72,108,2.1,250.0,580,1
639,Terrakion,rock,5,91,129,90,72,90,108,1.9,260.0,580,1
640,Virizion,grass,5,91,90,72,90,129,108,2.0,200.0,580,1
641,Tornadus,flying,5,79,100,80,110,90,121,1.5,63.0,580,1
642,Thundurus,electric,5,79,105,70,145,80,101,1.5,61.0,580,1
643,Reshiram,dragon,5,100,120,100,150,120,90,3.2,330.0,680,1
644,Zekrom,dragon,5,100,150,120,120,100,90,2.9,345.0,680,1
645,Landorus,ground,5,89,145,90,105,80,91,1.5,68.0,600,1
646,Kyurem,dragon,5,125,120,90,170,100,95,3.0,325.0,700,1
647,Keldeo,water,5,91,72,90,129,90,108,1.4,48.5,580,1
648,Meloetta,normal,5,100,128,90,77,77,128,0.6,6.5,600,1
649,Genesect,bug,5,71,120,95,120,95,99,1.5,82.5,600,1
650,Chespin,grass,6,56,61,65,48,45,38,0.4,9.0,313,0
651,Quilladin,grass,6,61,78,95,56,58,57,0.7,29.0,405,0
652,Chesnaught,grass,6,88,107,122,74,75,64,1.6,90.0,530,0
653,Fennekin,fire,6,40,45,40,62,60,60,0.4,9.4,307,0
654,Braixen,fire,6,59,59,58,90,70,73,1.0,14.5,409,0
655,Delphox,fire,6,75,69,72,114,100,104,1.5,39.0,534,0
656,Froakie,water,6,41,56,40,62,44,71,0.3,7.0,314,0
657,Frogadier,water,6,54,63,52,83,56,97,0.6,10.9,405,0
658,Greninja,water,6,72,145,67,153,71,132,1.5,40.0,640,0
659,Bunnelby,normal,6,38,36,38,32,36,57,0.4,5.0,237,0
660,Diggersby,normal,6,85,56,77,50,77,78,1.0,42.4,423,0
661,Fletchling,normal,6,45,50,43,40,38,62,0.3,1.7,278,0
662,Fletchinder,fire,6,62,73,55,56,52,84,0.7,16.0,382,0
663,Talonflame,fire,6,78,81,71,74,69,126,1.2,24.5,499,0
664,Scatterbug,bug,6,38,35,40,27,25,35,0.3,2.5,200,0
665,Spewpa,bug,6,45,22,60,27,30,29,0.3,8.4,213,0
666,Vivillon,bug,6,80,52,50,90,50,89,1.2,17.0,411,0
667,Litleo,fire,6,62,50,58,73,54,72,0.6,13.5,369,0
668,Pyroar,fire,6,86,68,72,109,66,106,1.5,81.5,507,0
669,Flabébé,fairy,6,44,38,39,61,79,42,0.1,0.1,303,0
670,Floette,fairy,6,74,65,67,125,128,92,0.2,0.9,551,0
671,Florges,fairy,6,78,65,68,112,154,75,1.1,10.0,552,0
672,Skiddo,grass,6,66,65,48,62,57,52,0.9,31.0,350,0
673,Gogoat,grass,6,123,100,62,97,81,68,1.7,91.0,531,0
674,Pancham,fighting,6,67,82,62,46,48,43,0.6,8.0,348,0
675,Pangoro,fighting,6,95,124,78,69,71,58,2.1,136.0,495,0
676,Furfrou,normal,6,75,80,60,65,90,102,1.2,28.0,472,0
677,Espurr,psychic,6,62,48,54,63,60,68,0.3,3.5,355,0
678,Meowstic,psychic,6,74,48,76,83,81,104,0.6,8.5,466,0
679,Honedge,steel,6,45,80,100,35,37,28,0.8,2.0,325,0
680,Doublade,steel,6,59,110,150,45,49,35,0.8,4.5,448,0
681,Aegislash,steel,6,60,150,50,150,50,60,1.7,53.0,520,0
682,Spritzee,fairy,6,78,52,60,63,65,23,0.2,0.5,341,0
683,Aromatisse,fairy,6,101,72,72,99,89,29,0.8,15.5,462,0
684,Swirlix,fairy,6,62,48,66,59,57,49,0.4,3.5,341,0
685,Slurpuff,fairy,6,82,80,86,85,75,72,0.8,5.0,480,0
686,Inkay,dark,6,53,54,53,37,46,45,0.4,3.5,288,0
687,Malamar,dark,6,86,92,88,68,75,73,1.5,47.0,482,0
688,Binacle,rock,6,42,52,67,39,56,50,0.5,31.0,306,0
689,Barbaracle,rock,6,72,105,115,54,86,68,1.3,96.0,500,0
690,Skrelp,poison,6,50,60,60,60,60,30,0.5,7.3,320,0
691,Dragalge,poison,6,65,75,90,97,123,44,1.8,81.5,494,0
692,Clauncher,water,6,50,53,62,58,63,44,0.5,8.3,330,0
693,Clawitzer,water,6,71,73,88,120,89,59,1.3,35.3,500,0
694,Helioptile,electric,6,44,38,33,61,43,70,0.5,6.0,289,0
695,Heliolisk,electric,6,62,55,52,109,94,109,1.0,21.0,481,0
696,Tyrunt,rock,6,58,89,77,45,45,48,0.8,26.0,362,0
697,Tyrantrum,rock,6,82,121,119,69,59,71,2.5,270.0,521,0
698,Amaura,rock,6,77,59,50,67,63,46,1.3,25.2,362,0
699,Aurorus,rock,6,123,77,72,99,92,58,2.7,225.0,521,0
700,Sylveon,fairy,6,95,65,65,110,130,60,1.0,23.5,525,0
701,Hawlucha,fighting,6,78,92,75,74,63,118,0.8,21.5,500,0
702,Dedenne,electric,6,67,58,57,81,67,101,0.2,2.2,431,0
703,Carbink,rock,6,50,50,150,50,150,50,0.3,5.7,500,0
704,Goomy,dragon,6,45,50,35,55,75,40,0.3,2.8,300,0
705,Sliggoo,dragon,6,68,75,53,83,113,60,0.8,17.5,452,0
706,Goodra,dragon,6,90,100,70,110,150,80,2.0,150.5,600,0
707,Klefki,steel,6,57,80,91,80,87,75,0.2,3.0,470,0
708,Phantump,ghost,6,43,70,48,50,60,38,0.4,7.0,309,0
709,Trevenant,ghost,6,85,110,76,65,82,56,1.5,71.0,474,0
710,Pumpkaboo,ghost,6,59,66,70,44,55,41,0.8,15.0,335,0
711,Gourgeist,ghost,6,85,100,122,58,75,54,1.7,39.0,494,0
712,Bergmite,ice,6,55,69,85,32,35,28,1.0,99.5,304,0
713,Avalugg,ice,6,95,117,184,44,46,28,2.0,505.0,514,0
714,Noibat,flying,6,40,30,35,45,40,55,0.5,8.0,245,0
715,Noivern,flying,6,85,70,80,97,80,123,1.5,85.0,535,0
716,Xerneas,fairy,6,126,131,95,131,98,99,3.0,215.0,680,1
717,Yveltal,dark,6,126,131,95,131,98,99,5.8,203.0,680,1
718,Zygarde,dragon,6,216,100,121,91,95,85,5.0,284.6,708,1
719,Diancie,rock,6,50,160,110,160,110,110,0.7,8.8,700,1
720,Hoopa,psychic,6,80,160,60,170,130,80,,,680,1
721,Volcanion,fire,6,80,110,120,130,90,70,1.7,195.0,600,1
722,Rowlet,grass,7,68,55,55,50,50,42,0.3,1.5,320,0
723,Dartrix,grass,7,78,75,75,70,70,52,0.7,16.0,420,0
724,Decidueye,grass,7,78,107,75,100,100,70,1.6,36.6,530,0
725,Litten,fire,7,45,65,40,60,40,70,0.4,4.3,320,0
726,Torracat,fire,7,65,85,50,80,50,90,0.7,25.0,420,0
727,Incineroar,fire,7,95,115,90,80,90,60,1.8,83.0,530,0
728,Popplio,water,7,50,54,54,66,56,40,0.4,7.5,320,0
729,Brionne,water,7,60,69,69,91,81,50,0.6,17.5,420,0
730,Primarina,water,7,80,74,74,126,116,60,1.8,44.0,530,0
731,Pikipek,normal,7,35,75,30,30,30,65,0.3,1.2,265,0
732,Trumbeak,normal,7,55,85,50,40,50,75,0.6,14.8,355,0
733,Toucannon,normal,7,80,120,75,75,75,60,1.1,26.0,485,0
734,Yungoos,normal,7,48,70,30,30,30,45,0.4,6.0,253,0
735,Gumshoos,normal,7,88,110,60,55,60,45,0.7,14.2,418,0
736,Grubbin,bug,7,47,62,45,55,45,46,0.4,4.4,300,0
737,Charjabug,bug,7,57,82,95,55,75,36,0.5,10.5,400,0
738,Vikavolt,bug,7,77,70,90,145,75,43,1.5,45.0,500,0
739,Crabrawler,fighting,7,47,82,57,42,47,63,0.6,7.0,338,0
740,Crabominable,fighting,7,97,132,77,62,67,43,1.7,180.0,478,0
741,Oricorio,fire,7,75,70,70,98,70,93,0.6,3.4,476,0
742,Cutiefly,bug,7,40,45,40,55,40,84,0.1,0.2,304,0
743,Ribombee,bug,7,60,55,60,95,70,124,0.2,0.5,464,0
744,Rockruff,rock,7,45,65,40,30,40,60,0.5,9.2,280,0
745,Lycanroc,rock,7,85,115,75,55,75,82,,,487,0
746,Wishiwashi,water,7,45,140,130,140,135,30,0.2,0.3,620,0
747,Mareanie,poison,7,50,53,62,43,52,45,0.4,8.0,305,0
748,Toxapex,poison,7,50,63,152,53,142,35,0.7,14.5,495,0
749,Mudbray,ground,7,70,100,70,45,55,45,1.0,110.0,385,0
750,Mudsdale,ground,7,100,125,100,55,85,35,2.5,920.0,500,0
751,Dewpider,water,7,38,40,52,40,72,27,0.3,4.0,269,0
752,Araquanid,water,7,68,70,92,50,132,42,1.8,82.0,454,0
753,Fomantis,grass,7,40,55,35,50,35,35,0.3,1.5,250,0
754,Lurantis,grass,7,70,105,90,80,90,45,0.9,18.5,480,0
755,Morelull,grass,7,40,35,55,65,75,15,0.2,1.5,285,0
756,Shiinotic,grass,7,60,45,80,90,100,30,1.0,11.5,405,0
757,Salandit,poison,7,48,44,40,71,40,77,0.6,4.8,320,0
758,Salazzle,poison,7,68,64,60,111,60,117,1.2,22.2,480,0
759,Stufful,normal,7,70,75,50,45,50,50,0.5,6.8,340,0
760,Bewear,normal,7,120,125,80,55,60,60,2.1,135.0,500,0
761,Bounsweet,grass,7,42,30,38,30,38,32,0.3,3.2,210,0
762,Steenee,grass,7,52,40,48,40,48,62,0.7,8.2,290,0
763,Tsareena,grass,7,72,120,98,50,98,72,1.2,21.4,510,0
764,Comfey,fairy,7,51,52,90,82,110,100,0.1,0.3,485,0
765,Oranguru,normal,7,90,60,80,90,110,60,1.5,76.0,490,0
766,Passimian,fighting,7,100,120,90,40,60,80,2.0,82.8,490,0
767,Wimpod,bug,7,25,35,40,20,30,80,0.5,12.0,230,0
768,Golisopod,bug,7,75,125,140,60,90,40,2.0,108.0,530,0
769,Sandygast,ghost,7,55,55,80,70,45,15,0.5,70.0,320,0
770,Palossand,ghost,7,85,75,110,100,75,35,1.3,250.0,480,0
771,Pyukumuku,water,7,55,60,130,30,130,5,0.3,1.2,410,0
772,Type: Null,normal,7,95,95,95,95,95,59,1.9,120.5,534,0
773,Silvally,normal,7,95,95,95,95,95,95,2.3,100.5,570,0
774,Minior,rock,7,60,100,60,100,60,120,0.3,40.0,500,0
775,Komala,normal,7,65,115,65,75,95,65,0.4,19.9,480,0
776,Turtonator,fire,7,60,78,135,91,85,36,2.0,212.0,485,0
777,Togedemaru,electric,7,65,98,63,40,73,96,0.3,3.3,435,0
778,Mimikyu,ghost,7,55,90,80,50,105,96,0.2,0.7,476,0
779,Bruxish,water,7,68,105,70,70,70,92,0.9,19.0,475,0
780,Drampa,normal,7,78,60,85,135,91,36,3.0,185.0,485,0
781,Dhelmise,ghost,7,70,131,100,86,90,40,3.9,210.0,517,0
782,Jangmo-o,dragon,7,45,55,65,45,45,45,0.6,29.7,300,0
783,Hakamo-o,dragon,7,55,75,90,65,70,65,1.2,47.0,420,0
784,Kommo-o,dragon,7,75,110,125,100,105,85,1.6,78.2,600,0
785,Tapu Koko,electric,7,70,115,85,95,75,130,1.8,20.5,570,1
786,Tapu Lele,psychic,7,70,85,75,130,115,95,1.2,18.6,570,1
787,Tapu Bulu,grass,7,70,130,115,85,95,75,1.9,45.5,570,1
788,Tapu Fini,water,7,70,75,115,95,130,85,1.3,21.2,570,1
789,Cosmog,psychic,7,43,29,31,29,31,37,0.2,0.1,200,1
790,Cosmoem,psychic,7,43,29,131,29,131,37,0.1,999.9,400,1
791,Solgaleo,psychic,7,137,137,107,113,89,97,3.4,230.0,680,1
792,Lunala,psychic,7,137,113,89,137,107,97,4.0,120.0,680,1
793,Nihilego,rock,7,109,53,47,127,131,103,1.2,55.5,570,1
794,Buzzwole,bug,7,107,139,139,53,53,79,2.4,333.6,570,1
795,Pheromosa,bug,7,71,137,37,137,37,151,1.8,25.0,570,1
796,Xurkitree,electric,7,83,89,71,173,71,83,3.8,100.0,570,1
797,Celesteela,steel,7,97,101,103,107,101,61,9.2,999.9,570,1
798,Kartana,grass,7,59,181,131,59,31,109,0.3,0.1,570,1
799,Guzzlord,dark,7,223,101,53,97,53,43,5.5,888.0,570,1
800,Necrozma,psychic,7,97,107,101,127,89,79,2.4,230.0,600,1
801,Magearna,steel,7,80,95,115,130,115,65,1.0,80.5,600,1
